,College_ID,Placement
0,CLG0057,No
1,CLG0080,No
2,CLG0056,No
3,CLG0093,No
4,CLG0076,Yes
5,CLG0074,No
6,CLG0050,No
7,CLG0012,Yes
8,CLG0088,No
9,CLG0094,No
10,CLG0012,Yes
11,CLG0094,No
12,CLG0020,No
13,CLG0045,Yes
14,CLG0013,No
15,CLG0075,No
16,CLG0093,No
17,CLG0094,No
18,CLG0069,Yes
19,CLG0008,No
20,CLG0080,No
21,CLG0030,No
22,CLG0086,No
23,CLG0090,Yes
24,CLG0068,No
25,CLG0023,No
26,CLG0034,No
27,CLG0018,No
28,CLG0055,No
29,CLG0012,No
30,CLG0012,No
31,CLG0036,No
32,CLG0053,No
33,CLG0082,No
34,CLG0040,No
35,CLG0068,Yes
36,CLG0029,No
37,CLG0082,Yes
38,CLG0007,No
39,CLG0023,Yes
40,CLG0014,No
41,CLG0040,Yes
42,CLG0047,No
43,CLG0009,No
44,CLG0099,Yes
45,CLG0088,No
46,CLG0029,No
47,CLG0070,No
48,CLG0078,No
49,CLG0051,No
50,CLG0045,No
51,CLG0022,No
52,CLG0080,No
53,CLG0040,Yes
54,CLG0036,No
55,CLG0088,No
56,CLG0092,Yes
57,CLG0096,Yes
58,CLG0022,Yes
59,CLG0007,No
60,CLG0052,Yes
61,CLG0048,Yes
62,CLG0032,No
63,CLG0046,No
64,CLG0077,No
65,CLG0072,No
66,CLG0029,No
67,CLG0040,No
68,CLG0035,No
69,CLG0083,No
70,CLG0012,No
71,CLG0038,No
72,CLG0041,Yes
73,CLG0038,No
74,CLG0028,No
75,CLG0015,No
76,CLG0098,No
77,CLG0092,No
78,CLG0032,Yes
79,CLG0097,No
80,CLG0076,Yes
81,CLG0040,No
82,CLG0097,No
83,CLG0033,Yes
84,CLG0034,Yes
85,CLG0040,Yes
86,CLG0086,No
87,CLG0003,Yes
88,CLG0071,No
89,CLG0022,No
90,CLG0068,No
91,CLG0091,Yes
92,CLG0024,No
93,CLG0079,No
94,CLG0025,No
95,CLG0095,No
96,CLG0098,No
97,CLG0027,No
98,CLG0098,No
99,CLG0010,No
100,CLG0026,No
101,CLG0013,No
102,CLG0081,No
103,CLG0093,No
104,CLG0088,No
105,CLG0069,No
106,CLG0015,No
107,CLG0002,No
108,CLG0076,No
109,CLG0022,No
110,CLG0063,No
111,CLG0020,No
112,CLG0055,No
113,CLG0030,No
114,CLG0081,No
115,CLG0090,No
116,CLG0059,No
117,CLG0078,No
118,CLG0039,No
119,CLG0013,No
120,CLG0099,No
121,CLG0074,Yes
122,CLG0049,Yes
123,CLG0025,Yes
124,CLG0043,No
125,CLG0013,No
126,CLG0011,No
127,CLG0043,Yes
128,CLG0029,Yes
129,CLG0078,No
130,CLG0027,No
131,CLG0073,No
132,CLG0003,No
133,CLG0089,No
134,CLG0028,No
135,CLG0091,Yes
136,CLG0040,No
137,CLG0050,Yes
138,CLG0081,No
139,CLG0038,No
140,CLG0081,No
141,CLG0045,No
142,CLG0060,No
143,CLG0088,No
144,CLG0046,No
145,CLG0004,No
146,CLG0086,Yes
147,CLG0031,No
148,CLG0025,No
149,CLG0059,No
150,CLG0053,Yes
151,CLG0041,No
152,CLG0031,No
153,CLG0089,No
154,CLG0045,Yes
155,CLG0091,No
156,CLG0007,No
157,CLG0002,Yes
158,CLG0018,Yes
159,CLG0023,Yes
160,CLG0100,No
161,CLG0043,No
162,CLG0066,No
163,CLG0002,No
164,CLG0038,No
165,CLG0058,Yes
166,CLG0015,No
167,CLG0089,Yes
168,CLG0051,No
169,CLG0078,No
170,CLG0058,Yes
171,CLG0085,No
172,CLG0061,Yes
173,CLG0026,Yes
174,CLG0053,Yes
175,CLG0072,No
176,CLG0003,No
177,CLG0077,Yes
178,CLG0004,Yes
179,CLG0068,Yes
180,CLG0081,No
181,CLG0080,Yes
182,CLG0042,No
183,CLG0010,No
184,CLG0026,No
185,CLG0097,Yes
186,CLG0092,No
187,CLG0036,No
188,CLG0081,No
189,CLG0062,No
190,CLG0049,No
191,CLG0079,No
192,CLG0093,No
193,CLG0060,Yes
194,CLG0023,No
195,CLG0018,No
196,CLG0010,No
197,CLG0020,No
198,CLG0086,Yes
199,CLG0030,Yes
200,CLG0003,Yes
201,CLG0019,No
202,CLG0038,Yes
203,CLG0002,No
204,CLG0048,Yes
205,CLG0077,No
206,CLG0092,No
207,CLG0085,Yes
208,CLG0087,No
209,CLG0024,No
210,CLG0036,No
211,CLG0042,No
212,CLG0064,No
213,CLG0009,No
214,CLG0038,Yes
215,CLG0003,No
216,CLG0023,No
217,CLG0003,No
218,CLG0085,No
219,CLG0067,Yes
220,CLG0009,No
221,CLG0092,No
222,CLG0053,No
223,CLG0032,No
224,CLG0033,No
225,CLG0080,No
226,CLG0016,No
227,CLG0019,No
228,CLG0006,Yes
229,CLG0093,No
230,CLG0061,No
231,CLG0015,No
232,CLG0023,No
233,CLG0063,No
234,CLG0053,No
235,CLG0005,No
236,CLG0094,No
237,CLG0076,No
238,CLG0093,No
239,CLG0020,Yes
240,CLG0018,Yes
241,CLG0047,Yes
242,CLG0017,Yes
243,CLG0073,Yes
244,CLG0040,No
245,CLG0068,Yes
246,CLG0069,No
247,CLG0042,No
248,CLG0047,No
249,CLG0015,No
250,CLG0012,No
251,CLG0004,No
252,CLG0003,Yes
253,CLG0028,No
254,CLG0034,No
255,CLG0100,Yes
256,CLG0067,No
257,CLG0036,Yes
258,CLG0068,No
259,CLG0069,No
260,CLG0034,Yes
261,CLG0071,Yes
262,CLG0011,Yes
263,CLG0015,No
264,CLG0005,No
265,CLG0075,No
266,CLG0065,No
267,CLG0080,No
268,CLG0057,Yes
269,CLG0096,Yes
270,CLG0033,No
271,CLG0030,No
272,CLG0042,No
273,CLG0088,Yes
274,CLG0073,Yes
275,CLG0089,Yes
276,CLG0061,No
277,CLG0045,Yes
278,CLG0075,No
279,CLG0065,No
280,CLG0046,No
281,CLG0032,Yes
282,CLG0096,No
283,CLG0061,No
284,CLG0043,No
285,CLG0027,No
286,CLG0018,No
287,CLG0026,Yes
288,CLG0044,No
289,CLG0096,Yes
290,CLG0037,Yes
291,CLG0080,No
292,CLG0040,No
293,CLG0050,No
294,CLG0046,No
295,CLG0071,Yes
296,CLG0072,Yes
297,CLG0026,Yes
298,CLG0046,No
299,CLG0077,No
300,CLG0066,No
301,CLG0096,No
302,CLG0060,No
303,CLG0051,Yes
304,CLG0032,No
305,CLG0050,Yes
306,CLG0009,No
307,CLG0051,No
308,CLG0062,Yes
309,CLG0011,Yes
310,CLG0030,No
311,CLG0092,No
312,CLG0067,Yes
313,CLG0070,No
314,CLG0014,No
315,CLG0080,No
316,CLG0002,No
317,CLG0075,No
318,CLG0098,No
319,CLG0069,No
320,CLG0016,Yes
321,CLG0007,Yes
322,CLG0033,Yes
323,CLG0058,No
324,CLG0005,No
325,CLG0024,Yes
326,CLG0072,No
327,CLG0002,No
328,CLG0058,No
329,CLG0088,No
330,CLG0088,No
331,CLG0066,Yes
332,CLG0027,No
333,CLG0061,No
334,CLG0074,No
335,CLG0047,No
336,CLG0025,No
337,CLG0091,No
338,CLG0050,No
339,CLG0040,No
340,CLG0035,No
341,CLG0075,Yes
342,CLG0071,No
343,CLG0050,Yes
344,CLG0064,Yes
345,CLG0056,Yes
346,CLG0043,Yes
347,CLG0012,No
348,CLG0065,No
349,CLG0083,Yes
350,CLG0064,No
351,CLG0025,No
352,CLG0026,No
353,CLG0087,Yes
354,CLG0007,No
355,CLG0067,Yes
356,CLG0035,No
357,CLG0054,Yes
358,CLG0058,Yes
359,CLG0006,Yes
360,CLG0095,No
361,CLG0097,Yes
362,CLG0031,No
363,CLG0058,No
364,CLG0087,No
365,CLG0095,No
366,CLG0068,No
367,CLG0082,Yes
368,CLG0031,Yes
369,CLG0088,Yes
370,CLG0013,No
371,CLG0015,Yes
372,CLG0053,No
373,CLG0061,Yes
374,CLG0014,No
375,CLG0019,Yes
376,CLG0068,No
377,CLG0098,No
378,CLG0065,No
379,CLG0012,Yes
380,CLG0094,No
381,CLG0073,No
382,CLG0058,Yes
383,CLG0071,Yes
384,CLG0037,No
385,CLG0061,Yes
386,CLG0017,No
387,CLG0066,No
388,CLG0061,No
389,CLG0099,No
390,CLG0073,No
391,CLG0058,Yes
392,CLG0030,No
393,CLG0019,No
394,CLG0031,No
395,CLG0038,No
396,CLG0032,No
397,CLG0026,Yes
398,CLG0001,No
399,CLG0071,No
400,CLG0091,No
401,CLG0086,No
402,CLG0082,Yes
403,CLG0015,No
404,CLG0064,No
405,CLG0019,Yes
406,CLG0077,No
407,CLG0058,Yes
408,CLG0016,Yes
409,CLG0050,No
410,CLG0040,No
411,CLG0058,Yes
412,CLG0041,No
413,CLG0038,No
414,CLG0089,No
415,CLG0057,No
416,CLG0041,Yes
417,CLG0085,No
418,CLG0083,No
419,CLG0086,No
420,CLG0039,No
421,CLG0051,No
422,CLG0004,No
423,CLG0044,No
424,CLG0074,Yes
425,CLG0043,No
426,CLG0023,No
427,CLG0057,No
428,CLG0062,Yes
429,CLG0037,No
430,CLG0097,No
431,CLG0088,No
432,CLG0098,Yes
433,CLG0048,No
434,CLG0091,No
435,CLG0051,No
436,CLG0023,Yes
437,CLG0038,No
438,CLG0043,No
439,CLG0024,No
440,CLG0020,No
441,CLG0091,No
442,CLG0072,No
443,CLG0047,No
444,CLG0079,No
445,CLG0035,No
446,CLG0098,No
447,CLG0036,No
448,CLG0078,No
449,CLG0062,No
450,CLG0093,Yes
451,CLG0005,No
452,CLG0091,No
453,CLG0034,No
454,CLG0066,No
455,CLG0040,No
456,CLG0033,No
457,CLG0090,No
458,CLG0039,No
459,CLG0097,No
460,CLG0100,No
461,CLG0032,No
462,CLG0099,No
463,CLG0053,No
464,CLG0065,No
465,CLG0042,Yes
466,CLG0004,No
467,CLG0044,No
468,CLG0084,No
469,CLG0048,No
470,CLG0067,No
471,CLG0003,Yes
472,CLG0087,No
473,CLG0046,No
474,CLG0035,Yes
475,CLG0067,No
476,CLG0075,No
477,CLG0089,Yes
478,CLG0061,Yes
479,CLG0044,No
480,CLG0039,Yes
481,CLG0050,No
482,CLG0047,No
483,CLG0008,No
484,CLG0099,Yes
485,CLG0091,Yes
486,CLG0025,No
487,CLG0072,No
488,CLG0097,No
489,CLG0075,No
490,CLG0045,No
491,CLG0075,No
492,CLG0039,No
493,CLG0085,Yes
494,CLG0063,No
495,CLG0083,No
496,CLG0059,No
497,CLG0080,No
498,CLG0026,No
499,CLG0025,No
500,CLG0069,Yes
501,CLG0086,No
502,CLG0047,No
503,CLG0014,No
504,CLG0056,No
505,CLG0004,No
506,CLG0099,No
507,CLG0078,No
508,CLG0057,No
509,CLG0086,No
510,CLG0092,No
511,CLG0009,No
512,CLG0023,No
513,CLG0007,No
514,CLG0091,Yes
515,CLG0005,No
516,CLG0090,No
517,CLG0054,No
518,CLG0092,Yes
519,CLG0029,No
520,CLG0041,No
521,CLG0070,No
522,CLG0057,No
523,CLG0044,No
524,CLG0024,Yes
525,CLG0093,No
526,CLG0050,Yes
527,CLG0052,Yes
528,CLG0001,Yes
529,CLG0076,No
530,CLG0018,No
531,CLG0095,Yes
532,CLG0098,Yes
533,CLG0074,No
534,CLG0080,Yes
535,CLG0048,No
536,CLG0049,No
537,CLG0033,No
538,CLG0093,No
539,CLG0092,No
540,CLG0029,No
541,CLG0063,No
542,CLG0089,Yes
543,CLG0073,Yes
544,CLG0061,No
545,CLG0015,No
546,CLG0069,No
547,CLG0065,No
548,CLG0075,No
549,CLG0078,No
550,CLG0059,Yes
551,CLG0043,No
552,CLG0026,No
553,CLG0029,No
554,CLG0096,Yes
555,CLG0086,No
556,CLG0021,No
557,CLG0042,No
558,CLG0084,No
559,CLG0092,Yes
560,CLG0034,No
561,CLG0094,No
562,CLG0027,No
563,CLG0060,No
564,CLG0020,No
565,CLG0066,No
566,CLG0058,No
567,CLG0090,No
568,CLG0033,Yes
569,CLG0032,No
570,CLG0060,No
571,CLG0019,No
572,CLG0086,No
573,CLG0029,No
574,CLG0006,No
575,CLG0015,No
576,CLG0060,Yes
577,CLG0062,No
578,CLG0024,No
579,CLG0011,No
580,CLG0059,No
581,CLG0006,No
582,CLG0075,No
583,CLG0074,No
584,CLG0078,Yes
585,CLG0052,No
586,CLG0016,Yes
587,CLG0084,Yes
588,CLG0047,Yes
589,CLG0089,No
590,CLG0031,No
591,CLG0075,Yes
592,CLG0098,Yes
593,CLG0082,No
594,CLG0015,No
595,CLG0009,No
596,CLG0095,No
597,CLG0062,No
598,CLG0077,No
599,CLG0004,No
600,CLG0029,No
601,CLG0079,Yes
602,CLG0079,No
603,CLG0082,No
604,CLG0015,Yes
605,CLG0087,No
606,CLG0070,No
607,CLG0008,No
608,CLG0023,No
609,CLG0095,Yes
610,CLG0032,No
611,CLG0022,No
612,CLG0061,No
613,CLG0055,No
614,CLG0018,Yes
615,CLG0038,Yes
616,CLG0078,No
617,CLG0074,Yes
618,CLG0041,Yes
619,CLG0042,No
620,CLG0044,No
621,CLG0056,No
622,CLG0024,No
623,CLG0035,No
624,CLG0001,Yes
625,CLG0090,No
626,CLG0077,No
627,CLG0029,Yes
628,CLG0088,No
629,CLG0047,No
630,CLG0094,No
631,CLG0004,No
632,CLG0030,No
633,CLG0079,No
634,CLG0033,No
635,CLG0033,Yes
636,CLG0041,No
637,CLG0063,No
638,CLG0065,Yes
639,CLG0085,No
640,CLG0041,No
641,CLG0016,No
642,CLG0029,No
643,CLG0037,Yes
644,CLG0016,No
645,CLG0075,No
646,CLG0076,Yes
647,CLG0096,No
648,CLG0028,No
649,CLG0060,Yes
650,CLG0044,No
651,CLG0073,No
652,CLG0022,No
653,CLG0087,Yes
654,CLG0070,No
655,CLG0068,No
656,CLG0033,No
657,CLG0058,No
658,CLG0064,Yes
659,CLG0086,No
660,CLG0034,Yes
661,CLG0013,No
662,CLG0039,No
663,CLG0007,No
664,CLG0036,No
665,CLG0086,No
666,CLG0041,No
667,CLG0018,No
668,CLG0031,No
669,CLG0061,No
670,CLG0017,Yes
671,CLG0027,No
672,CLG0029,No
673,CLG0002,Yes
674,CLG0072,Yes
675,CLG0080,No
676,CLG0056,No
677,CLG0086,Yes
678,CLG0060,No
679,CLG0044,No
680,CLG0062,Yes
681,CLG0006,Yes
682,CLG0040,No
683,CLG0086,Yes
684,CLG0097,Yes
685,CLG0056,No
686,CLG0096,No
687,CLG0001,No
688,CLG0022,Yes
689,CLG0027,No
690,CLG0062,No
691,CLG0058,Yes
692,CLG0066,No
693,CLG0073,No
694,CLG0080,Yes
695,CLG0022,No
696,CLG0082,No
697,CLG0016,No
698,CLG0002,No
699,CLG0082,No
700,CLG0045,Yes
701,CLG0027,Yes
702,CLG0073,No
703,CLG0019,No
704,CLG0066,No
705,CLG0077,No
706,CLG0098,No
707,CLG0094,No
708,CLG0020,Yes
709,CLG0099,No
710,CLG0067,No
711,CLG0054,No
712,CLG0002,Yes
713,CLG0006,No
714,CLG0065,Yes
715,CLG0036,Yes
716,CLG0006,No
717,CLG0050,Yes
718,CLG0039,No
719,CLG0006,No
720,CLG0093,No
721,CLG0015,No
722,CLG0071,Yes
723,CLG0078,No
724,CLG0091,No
725,CLG0012,No
726,CLG0057,No
727,CLG0006,No
728,CLG0045,Yes
729,CLG0039,Yes
730,CLG0028,No
731,CLG0093,No
732,CLG0044,No
733,CLG0064,No
734,CLG0080,No
735,CLG0081,No
736,CLG0043,No
737,CLG0067,No
738,CLG0092,No
739,CLG0081,No
740,CLG0087,No
741,CLG0067,No
742,CLG0053,No
743,CLG0075,Yes
744,CLG0085,No
745,CLG0015,No
746,CLG0073,No
747,CLG0011,No
748,CLG0051,No
749,CLG0028,No
750,CLG0066,No
751,CLG0045,No
752,CLG0051,No
753,CLG0074,No
754,CLG0082,No
755,CLG0051,No
756,CLG0056,No
757,CLG0094,No
758,CLG0081,Yes
759,CLG0095,No
760,CLG0016,Yes
761,CLG0035,No
762,CLG0080,No
763,CLG0027,No
764,CLG0017,No
765,CLG0064,No
766,CLG0021,Yes
767,CLG0047,No
768,CLG0072,No
769,CLG0060,No
770,CLG0021,No
771,CLG0093,No
772,CLG0018,No
773,CLG0063,Yes
774,CLG0023,No
775,CLG0002,No
776,CLG0058,No
777,CLG0049,No
778,CLG0043,No
779,CLG0039,No
780,CLG0069,No
781,CLG0090,Yes
782,CLG0055,No
783,CLG0086,No
784,CLG0093,No
785,CLG0049,No
786,CLG0053,No
787,CLG0068,Yes
788,CLG0097,Yes
789,CLG0054,No
790,CLG0096,No
791,CLG0094,No
792,CLG0080,No
793,CLG0057,No
794,CLG0055,No
795,CLG0021,No
796,CLG0028,Yes
797,CLG0032,No
798,CLG0044,No
799,CLG0068,Yes
800,CLG0076,No
801,CLG0075,Yes
802,CLG0069,No
803,CLG0053,No
804,CLG0082,No
805,CLG0001,No
806,CLG0017,No
807,CLG0031,No
808,CLG0076,No
809,CLG0099,No
810,CLG0038,No
811,CLG0002,No
812,CLG0014,No
813,CLG0028,Yes
814,CLG0028,No
815,CLG0051,No
816,CLG0031,No
817,CLG0046,Yes
818,CLG0025,No
819,CLG0021,No
820,CLG0068,No
821,CLG0067,No
822,CLG0011,No
823,CLG0022,Yes
824,CLG0032,No
825,CLG0002,Yes
826,CLG0064,No
827,CLG0001,No
828,CLG0084,No
829,CLG0042,No
830,CLG0043,No
831,CLG0026,Yes
832,CLG0065,Yes
833,CLG0098,Yes
834,CLG0077,No
835,CLG0031,Yes
836,CLG0093,No
837,CLG0062,Yes
838,CLG0036,No
839,CLG0039,No
840,CLG0044,No
841,CLG0018,No
842,CLG0086,No
843,CLG0036,No
844,CLG0068,Yes
845,CLG0020,No
846,CLG0046,No
847,CLG0098,No
848,CLG0064,No
849,CLG0035,No
850,CLG0077,No
851,CLG0052,No
852,CLG0069,Yes
853,CLG0007,No
854,CLG0078,No
855,CLG0097,No
856,CLG0060,No
857,CLG0095,No
858,CLG0048,Yes
859,CLG0063,No
860,CLG0051,No
861,CLG0036,No
862,CLG0063,No
863,CLG0091,No
864,CLG0087,No
865,CLG0022,No
866,CLG0051,No
867,CLG0072,No
868,CLG0020,No
869,CLG0020,Yes
870,CLG0015,Yes
871,CLG0058,Yes
872,CLG0016,No
873,CLG0001,No
874,CLG0079,No
875,CLG0068,Yes
876,CLG0086,No
877,CLG0039,No
878,CLG0050,No
879,CLG0032,No
880,CLG0095,No
881,CLG0041,No
882,CLG0064,No
883,CLG0091,No
884,CLG0059,Yes
885,CLG0022,Yes
886,CLG0014,Yes
887,CLG0072,No
888,CLG0022,No
889,CLG0095,No
890,CLG0088,No
891,CLG0007,No
892,CLG0027,Yes
893,CLG0048,No
894,CLG0038,No
895,CLG0064,No
896,CLG0006,Yes
897,CLG0066,No
898,CLG0013,Yes
899,CLG0068,No
900,CLG0013,Yes
901,CLG0014,No
902,CLG0044,Yes
903,CLG0034,No
904,CLG0024,Yes
905,CLG0011,No
906,CLG0012,No
907,CLG0082,No
908,CLG0005,No
909,CLG0077,No
910,CLG0055,No
911,CLG0056,No
912,CLG0005,No
913,CLG0007,No
914,CLG0012,Yes
915,CLG0020,No
916,CLG0036,No
917,CLG0073,No
918,CLG0057,No
919,CLG0022,No
920,CLG0010,No
921,CLG0097,No
922,CLG0089,No
923,CLG0030,No
924,CLG0016,No
925,CLG0038,No
926,CLG0055,No
927,CLG0050,Yes
928,CLG0049,No
929,CLG0027,No
930,CLG0082,Yes
931,CLG0055,Yes
932,CLG0055,No
933,CLG0045,No
934,CLG0040,Yes
935,CLG0046,No
936,CLG0010,No
937,CLG0048,No
938,CLG0093,No
939,CLG0068,No
940,CLG0046,Yes
941,CLG0042,No
942,CLG0094,No
943,CLG0040,Yes
944,CLG0054,No
945,CLG0061,No
946,CLG0002,No
947,CLG0092,No
948,CLG0088,No
949,CLG0038,No
950,CLG0094,No
951,CLG0074,No
952,CLG0032,No
953,CLG0006,Yes
954,CLG0029,Yes
955,CLG0092,Yes
956,CLG0044,No
957,CLG0098,Yes
958,CLG0083,No
959,CLG0079,Yes
960,CLG0080,No
961,CLG0008,No
962,CLG0069,Yes
963,CLG0071,Yes
964,CLG0084,No
965,CLG0055,Yes
966,CLG0075,No
967,CLG0017,No
968,CLG0021,No
969,CLG0042,No
970,CLG0046,No
971,CLG0050,No
972,CLG0031,No
973,CLG0042,Yes
974,CLG0038,Yes
975,CLG0009,No
976,CLG0011,No
977,CLG0009,Yes
978,CLG0032,Yes
979,CLG0008,No
980,CLG0087,No
981,CLG0031,No
982,CLG0019,No
983,CLG0075,Yes
984,CLG0068,No
985,CLG0038,No
986,CLG0078,Yes
987,CLG0081,No
988,CLG0026,Yes
989,CLG0035,No
990,CLG0089,No
991,CLG0035,No
992,CLG0080,No
993,CLG0079,No
994,CLG0072,No
995,CLG0062,No
996,CLG0023,No
997,CLG0005,No
998,CLG0028,No
999,CLG0065,No
1000,CLG0032,Yes
1001,CLG0093,No
1002,CLG0045,Yes
1003,CLG0022,No
1004,CLG0005,No
1005,CLG0039,No
1006,CLG0071,Yes
1007,CLG0028,No
1008,CLG0051,Yes
1009,CLG0085,No
1010,CLG0053,No
1011,CLG0069,No
1012,CLG0083,No
1013,CLG0072,No
1014,CLG0028,No
1015,CLG0062,No
1016,CLG0029,No
1017,CLG0077,No
1018,CLG0069,Yes
1019,CLG0055,No
1020,CLG0068,Yes
1021,CLG0077,No
1022,CLG0043,Yes
1023,CLG0009,No
1024,CLG0027,No
1025,CLG0014,No
1026,CLG0018,No
1027,CLG0015,No
1028,CLG0088,No
1029,CLG0046,Yes
1030,CLG0065,Yes
1031,CLG0013,No
1032,CLG0061,No
1033,CLG0091,No
1034,CLG0001,No
1035,CLG0012,Yes
1036,CLG0067,No
1037,CLG0024,No
1038,CLG0087,Yes
1039,CLG0085,No
1040,CLG0059,No
1041,CLG0015,No
1042,CLG0027,No
1043,CLG0055,No
1044,CLG0072,No
1045,CLG0001,No
1046,CLG0051,No
1047,CLG0080,No
1048,CLG0045,No
1049,CLG0028,Yes
1050,CLG0082,No
1051,CLG0079,Yes
1052,CLG0035,No
1053,CLG0037,Yes
1054,CLG0009,No
1055,CLG0050,No
1056,CLG0012,No
1057,CLG0082,No
1058,CLG0098,No
1059,CLG0099,No
1060,CLG0084,No
1061,CLG0098,No
1062,CLG0027,Yes
1063,CLG0100,No
1064,CLG0099,No
1065,CLG0024,Yes
1066,CLG0066,No
1067,CLG0039,Yes
1068,CLG0052,No
1069,CLG0057,No
1070,CLG0032,No
1071,CLG0004,No
1072,CLG0069,No
1073,CLG0026,Yes
1074,CLG0090,No
1075,CLG0071,Yes
1076,CLG0083,Yes
1077,CLG0009,No
1078,CLG0023,No
1079,CLG0046,No
1080,CLG0083,Yes
1081,CLG0078,No
1082,CLG0053,No
1083,CLG0029,Yes
1084,CLG0025,No
1085,CLG0051,No
1086,CLG0040,No
1087,CLG0056,Yes
1088,CLG0062,No
1089,CLG0028,No
1090,CLG0045,No
1091,CLG0052,Yes
1092,CLG0071,No
1093,CLG0028,Yes
1094,CLG0052,No
1095,CLG0067,No
1096,CLG0089,No
1097,CLG0094,Yes
1098,CLG0023,No
1099,CLG0066,No
1100,CLG0020,Yes
1101,CLG0094,No
1102,CLG0027,Yes
1103,CLG0004,No
1104,CLG0031,No
1105,CLG0002,No
1106,CLG0006,No
1107,CLG0032,No
1108,CLG0023,Yes
1109,CLG0095,Yes
1110,CLG0038,No
1111,CLG0086,No
1112,CLG0058,No
1113,CLG0054,No
1114,CLG0004,No
1115,CLG0093,No
1116,CLG0047,Yes
1117,CLG0078,No
1118,CLG0035,No
1119,CLG0078,No
1120,CLG0030,Yes
1121,CLG0088,No
1122,CLG0007,No
1123,CLG0040,No
1124,CLG0039,No
1125,CLG0039,No
1126,CLG0068,No
1127,CLG0028,No
1128,CLG0009,No
1129,CLG0031,No
1130,CLG0034,No
1131,CLG0015,No
1132,CLG0028,No
1133,CLG0024,No
1134,CLG0013,Yes
1135,CLG0020,No
1136,CLG0048,Yes
1137,CLG0095,Yes
1138,CLG0020,No
1139,CLG0067,No
1140,CLG0064,No
1141,CLG0054,No
1142,CLG0084,No
1143,CLG0004,No
1144,CLG0007,No
1145,CLG0036,No
1146,CLG0085,No
1147,CLG0069,No
1148,CLG0053,Yes
1149,CLG0075,Yes
1150,CLG0067,Yes
1151,CLG0087,Yes
1152,CLG0034,No
1153,CLG0086,Yes
1154,CLG0099,No
1155,CLG0020,No
1156,CLG0060,No
1157,CLG0022,No
1158,CLG0073,Yes
1159,CLG0007,Yes
1160,CLG0018,No
1161,CLG0059,No
1162,CLG0032,Yes
1163,CLG0020,Yes
1164,CLG0082,No
1165,CLG0024,No
1166,CLG0056,No
1167,CLG0085,No
1168,CLG0049,No
1169,CLG0068,No
1170,CLG0088,No
1171,CLG0051,No
1172,CLG0003,No
1173,CLG0049,No
1174,CLG0010,No
1175,CLG0031,Yes
1176,CLG0100,No
1177,CLG0006,No
1178,CLG0003,Yes
1179,CLG0019,Yes
1180,CLG0050,No
1181,CLG0029,No
1182,CLG0065,No
1183,CLG0019,No
1184,CLG0090,No
1185,CLG0010,No
1186,CLG0038,No
1187,CLG0023,No
1188,CLG0093,No
1189,CLG0087,No
1190,CLG0012,No
1191,CLG0005,No
1192,CLG0088,No
1193,CLG0027,No
1194,CLG0015,No
1195,CLG0023,No
1196,CLG0050,No
1197,CLG0045,No
1198,CLG0022,No
1199,CLG0084,Yes
1200,CLG0053,Yes
1201,CLG0072,No
1202,CLG0074,No
1203,CLG0091,No
1204,CLG0090,No
1205,CLG0052,No
1206,CLG0096,No
1207,CLG0070,No
1208,CLG0068,Yes
1209,CLG0092,No
1210,CLG0066,Yes
1211,CLG0070,No
1212,CLG0020,No
1213,CLG0041,No
1214,CLG0062,No
1215,CLG0041,No
1216,CLG0097,No
1217,CLG0039,Yes
1218,CLG0090,Yes
1219,CLG0066,Yes
1220,CLG0079,No
1221,CLG0007,No
1222,CLG0025,No
1223,CLG0098,No
1224,CLG0070,Yes
1225,CLG0044,No
1226,CLG0078,No
1227,CLG0085,No
1228,CLG0032,No
1229,CLG0099,Yes
1230,CLG0030,No
1231,CLG0055,No
1232,CLG0087,Yes
1233,CLG0007,No
1234,CLG0041,No
1235,CLG0067,Yes
1236,CLG0013,No
1237,CLG0012,No
1238,CLG0028,No
1239,CLG0005,No
1240,CLG0067,Yes
1241,CLG0026,No
1242,CLG0022,Yes
1243,CLG0087,No
1244,CLG0072,No
1245,CLG0001,No
1246,CLG0010,Yes
1247,CLG0006,No
1248,CLG0019,No
1249,CLG0096,No
1250,CLG0060,No
1251,CLG0096,No
1252,CLG0087,Yes
1253,CLG0026,Yes
1254,CLG0023,No
1255,CLG0093,No
1256,CLG0064,No
1257,CLG0084,Yes
1258,CLG0072,No
1259,CLG0099,No
1260,CLG0068,No
1261,CLG0002,No
1262,CLG0100,Yes
1263,CLG0027,Yes
1264,CLG0006,No
1265,CLG0024,No
1266,CLG0052,Yes
1267,CLG0009,No
1268,CLG0009,No
1269,CLG0040,Yes
1270,CLG0037,No
1271,CLG0038,No
1272,CLG0052,No
1273,CLG0057,No
1274,CLG0099,No
1275,CLG0003,No
1276,CLG0076,Yes
1277,CLG0081,No
1278,CLG0040,No
1279,CLG0063,Yes
1280,CLG0044,No
1281,CLG0020,No
1282,CLG0076,No
1283,CLG0063,Yes
1284,CLG0089,No
1285,CLG0033,Yes
1286,CLG0028,Yes
1287,CLG0078,No
1288,CLG0078,No
1289,CLG0035,No
1290,CLG0078,No
1291,CLG0077,No
1292,CLG0003,No
1293,CLG0008,Yes
1294,CLG0026,No
1295,CLG0095,No
1296,CLG0057,Yes
1297,CLG0076,Yes
1298,CLG0070,No
1299,CLG0023,No
1300,CLG0048,No
1301,CLG0049,No
1302,CLG0080,No
1303,CLG0069,No
1304,CLG0087,No
1305,CLG0097,Yes
1306,CLG0077,No
1307,CLG0035,No
1308,CLG0020,No
1309,CLG0029,Yes
1310,CLG0073,No
1311,CLG0076,Yes
1312,CLG0039,No
1313,CLG0030,Yes
1314,CLG0008,No
1315,CLG0028,No
1316,CLG0045,No
1317,CLG0100,No
1318,CLG0100,No
1319,CLG0030,No
1320,CLG0073,No
1321,CLG0029,No
1322,CLG0062,No
1323,CLG0036,No
1324,CLG0003,No
1325,CLG0044,Yes
1326,CLG0082,No
1327,CLG0005,Yes
1328,CLG0054,No
1329,CLG0073,No
1330,CLG0072,No
1331,CLG0082,No
1332,CLG0048,No
1333,CLG0094,No
1334,CLG0054,No
1335,CLG0006,No
1336,CLG0009,No
1337,CLG0031,No
1338,CLG0067,Yes
1339,CLG0071,No
1340,CLG0065,Yes
1341,CLG0086,No
1342,CLG0088,Yes
1343,CLG0054,No
1344,CLG0067,Yes
1345,CLG0089,Yes
1346,CLG0094,Yes
1347,CLG0051,Yes
1348,CLG0093,No
1349,CLG0061,Yes
1350,CLG0013,No
1351,CLG0046,Yes
1352,CLG0080,No
1353,CLG0079,No
1354,CLG0056,No
1355,CLG0051,No
1356,CLG0097,No
1357,CLG0036,Yes
1358,CLG0057,No
1359,CLG0047,Yes
1360,CLG0077,No
1361,CLG0098,No
1362,CLG0083,No
1363,CLG0082,No
1364,CLG0055,No
1365,CLG0064,No
1366,CLG0042,Yes
1367,CLG0068,No
1368,CLG0003,Yes
1369,CLG0023,No
1370,CLG0004,No
1371,CLG0018,No
1372,CLG0094,No
1373,CLG0086,Yes
1374,CLG0012,Yes
1375,CLG0079,Yes
1376,CLG0072,No
1377,CLG0021,Yes
1378,CLG0023,No
1379,CLG0071,No
1380,CLG0001,No
1381,CLG0042,Yes
1382,CLG0025,No
1383,CLG0085,No
1384,CLG0046,Yes
1385,CLG0056,No
1386,CLG0014,No
1387,CLG0080,No
1388,CLG0061,No
1389,CLG0067,Yes
1390,CLG0049,No
1391,CLG0098,No
1392,CLG0075,No
1393,CLG0001,No
1394,CLG0008,No
1395,CLG0075,No
1396,CLG0091,No
1397,CLG0050,No
1398,CLG0065,No
1399,CLG0079,Yes
1400,CLG0014,No
1401,CLG0078,No
1402,CLG0058,Yes
1403,CLG0046,No
1404,CLG0008,No
1405,CLG0034,No
1406,CLG0085,No
1407,CLG0082,Yes
1408,CLG0058,Yes
1409,CLG0002,No
1410,CLG0005,No
1411,CLG0017,No
1412,CLG0065,No
1413,CLG0020,No
1414,CLG0006,Yes
1415,CLG0020,Yes
1416,CLG0086,No
1417,CLG0029,Yes
1418,CLG0023,No
1419,CLG0039,No
1420,CLG0014,Yes
1421,CLG0090,No
1422,CLG0012,No
1423,CLG0088,No
1424,CLG0061,No
1425,CLG0015,Yes
1426,CLG0004,No
1427,CLG0004,No
1428,CLG0095,Yes
1429,CLG0044,No
1430,CLG0092,No
1431,CLG0035,Yes
1432,CLG0059,No
1433,CLG0019,Yes
1434,CLG0023,No
1435,CLG0016,Yes
1436,CLG0032,No
1437,CLG0024,No
1438,CLG0054,No
1439,CLG0049,No
1440,CLG0063,No
1441,CLG0078,No
1442,CLG0057,No
1443,CLG0017,No
1444,CLG0023,No
1445,CLG0086,Yes
1446,CLG0056,No
1447,CLG0073,No
1448,CLG0067,No
1449,CLG0026,No
1450,CLG0075,Yes
1451,CLG0071,Yes
1452,CLG0017,Yes
1453,CLG0036,Yes
1454,CLG0055,No
1455,CLG0069,No
1456,CLG0034,No
1457,CLG0033,No
1458,CLG0059,No
1459,CLG0061,No
1460,CLG0005,Yes
1461,CLG0098,No
1462,CLG0022,Yes
1463,CLG0053,No
1464,CLG0095,Yes
1465,CLG0043,No
1466,CLG0058,No
1467,CLG0073,No
1468,CLG0090,No
1469,CLG0091,Yes
1470,CLG0045,No
1471,CLG0026,No
1472,CLG0051,Yes
1473,CLG0005,No
1474,CLG0031,No
1475,CLG0078,Yes
1476,CLG0012,No
1477,CLG0089,No
1478,CLG0023,Yes
1479,CLG0053,No
1480,CLG0066,Yes
1481,CLG0026,Yes
1482,CLG0016,No
1483,CLG0034,No
1484,CLG0011,No
1485,CLG0039,Yes
1486,CLG0064,Yes
1487,CLG0039,No
1488,CLG0005,No
1489,CLG0016,No
1490,CLG0090,No
1491,CLG0078,No
1492,CLG0047,No
1493,CLG0095,No
1494,CLG0064,No
1495,CLG0021,No
1496,CLG0020,No
1497,CLG0016,No
1498,CLG0071,No
1499,CLG0001,Yes
1500,CLG0092,No
1501,CLG0083,No
1502,CLG0091,No
1503,CLG0096,No
1504,CLG0062,No
1505,CLG0093,Yes
1506,CLG0054,No
1507,CLG0086,Yes
1508,CLG0009,No
1509,CLG0027,No
1510,CLG0017,Yes
1511,CLG0097,No
1512,CLG0010,Yes
1513,CLG0068,Yes
1514,CLG0039,Yes
1515,CLG0071,No
1516,CLG0063,No
1517,CLG0095,No
1518,CLG0088,Yes
1519,CLG0097,No
1520,CLG0032,No
1521,CLG0074,No
1522,CLG0030,No
1523,CLG0026,No
1524,CLG0011,No
1525,CLG0062,No
1526,CLG0089,No
1527,CLG0002,No
1528,CLG0006,No
1529,CLG0046,No
1530,CLG0026,No
1531,CLG0004,No
1532,CLG0001,No
1533,CLG0072,No
1534,CLG0084,No
1535,CLG0083,No
1536,CLG0002,No
1537,CLG0074,No
1538,CLG0015,No
1539,CLG0042,Yes
1540,CLG0099,No
1541,CLG0063,Yes
1542,CLG0002,Yes
1543,CLG0027,Yes
1544,CLG0006,No
1545,CLG0074,No
1546,CLG0059,No
1547,CLG0062,No
1548,CLG0033,No
1549,CLG0049,Yes
1550,CLG0078,No
1551,CLG0005,Yes
1552,CLG0091,No
1553,CLG0024,No
1554,CLG0071,No
1555,CLG0083,No
1556,CLG0038,No
1557,CLG0015,No
1558,CLG0085,No
1559,CLG0063,No
1560,CLG0013,Yes
1561,CLG0041,No
1562,CLG0027,No
1563,CLG0061,No
1564,CLG0073,No
1565,CLG0075,No
1566,CLG0064,No
1567,CLG0032,No
1568,CLG0062,Yes
1569,CLG0026,Yes
1570,CLG0008,No
1571,CLG0100,No
1572,CLG0038,No
1573,CLG0015,No
1574,CLG0020,No
1575,CLG0035,No
1576,CLG0049,No
1577,CLG0079,No
1578,CLG0005,No
1579,CLG0005,No
1580,CLG0030,Yes
1581,CLG0025,Yes
1582,CLG0024,No
1583,CLG0098,No
1584,CLG0094,No
1585,CLG0027,No
1586,CLG0055,No
1587,CLG0096,No
1588,CLG0034,No
1589,CLG0058,No
1590,CLG0077,Yes
1591,CLG0014,No
1592,CLG0026,No
1593,CLG0032,No
1594,CLG0089,No
1595,CLG0062,No
1596,CLG0081,No
1597,CLG0012,Yes
1598,CLG0022,No
1599,CLG0096,No
1600,CLG0038,Yes
1601,CLG0033,No
1602,CLG0052,Yes
1603,CLG0096,No
1604,CLG0026,No
1605,CLG0088,No
1606,CLG0017,No
1607,CLG0018,Yes
1608,CLG0040,No
1609,CLG0071,Yes
1610,CLG0018,No
1611,CLG0058,No
1612,CLG0027,No
1613,CLG0053,Yes
1614,CLG0067,Yes
1615,CLG0043,No
1616,CLG0062,No
1617,CLG0086,No
1618,CLG0031,Yes
1619,CLG0045,No
1620,CLG0040,No
1621,CLG0082,No
1622,CLG0053,Yes
1623,CLG0081,Yes
1624,CLG0094,No
1625,CLG0007,No
1626,CLG0094,No
1627,CLG0041,No
1628,CLG0046,No
1629,CLG0076,No
1630,CLG0021,Yes
1631,CLG0082,No
1632,CLG0093,No
1633,CLG0045,No
1634,CLG0051,No
1635,CLG0099,Yes
1636,CLG0006,No
1637,CLG0071,Yes
1638,CLG0080,No
1639,CLG0014,Yes
1640,CLG0019,Yes
1641,CLG0079,No
1642,CLG0051,Yes
1643,CLG0018,No
1644,CLG0091,Yes
1645,CLG0017,No
1646,CLG0055,Yes
1647,CLG0048,No
1648,CLG0045,Yes
1649,CLG0013,Yes
1650,CLG0092,No
1651,CLG0001,No
1652,CLG0013,No
1653,CLG0037,No
1654,CLG0008,No
1655,CLG0041,No
1656,CLG0039,No
1657,CLG0002,No
1658,CLG0066,No
1659,CLG0061,No
1660,CLG0010,No
1661,CLG0058,No
1662,CLG0063,No
1663,CLG0098,No
1664,CLG0075,No
1665,CLG0025,No
1666,CLG0005,No
1667,CLG0084,No
1668,CLG0026,No
1669,CLG0096,No
1670,CLG0014,No
1671,CLG0049,No
1672,CLG0096,No
1673,CLG0027,No
1674,CLG0010,No
1675,CLG0088,No
1676,CLG0072,No
1677,CLG0023,No
1678,CLG0047,No
1679,CLG0033,Yes
1680,CLG0051,Yes
1681,CLG0078,No
1682,CLG0049,Yes
1683,CLG0011,No
1684,CLG0083,No
1685,CLG0041,No
1686,CLG0100,No
1687,CLG0032,No
1688,CLG0067,Yes
1689,CLG0099,No
1690,CLG0027,No
1691,CLG0055,No
1692,CLG0077,Yes
1693,CLG0028,Yes
1694,CLG0040,No
1695,CLG0058,Yes
1696,CLG0025,No
1697,CLG0050,Yes
1698,CLG0057,No
1699,CLG0014,Yes
1700,CLG0047,No
1701,CLG0087,Yes
1702,CLG0003,No
1703,CLG0096,No
1704,CLG0059,No
1705,CLG0024,No
1706,CLG0077,No
1707,CLG0030,No
1708,CLG0086,No
1709,CLG0008,No
1710,CLG0078,No
1711,CLG0063,Yes
1712,CLG0096,No
1713,CLG0033,No
1714,CLG0100,No
1715,CLG0035,Yes
1716,CLG0031,No
1717,CLG0069,Yes
1718,CLG0021,Yes
1719,CLG0011,No
1720,CLG0088,No
1721,CLG0072,Yes
1722,CLG0053,No
1723,CLG0063,Yes
1724,CLG0077,No
1725,CLG0024,No
1726,CLG0052,No
1727,CLG0049,No
1728,CLG0012,No
1729,CLG0029,No
1730,CLG0058,No
1731,CLG0063,No
1732,CLG0098,Yes
1733,CLG0016,No
1734,CLG0077,No
1735,CLG0075,No
1736,CLG0098,No
1737,CLG0046,Yes
1738,CLG0047,No
1739,CLG0074,No
1740,CLG0055,No
1741,CLG0039,No
1742,CLG0026,No
1743,CLG0099,Yes
1744,CLG0005,No
1745,CLG0055,Yes
1746,CLG0019,Yes
1747,CLG0093,No
1748,CLG0027,No
1749,CLG0036,No
1750,CLG0095,No
1751,CLG0084,No
1752,CLG0049,No
1753,CLG0028,No
1754,CLG0043,No
1755,CLG0084,No
1756,CLG0059,No
1757,CLG0002,Yes
1758,CLG0018,No
1759,CLG0100,No
1760,CLG0078,Yes
1761,CLG0016,No
1762,CLG0030,Yes
1763,CLG0012,Yes
1764,CLG0059,Yes
1765,CLG0032,No
1766,CLG0016,No
1767,CLG0057,No
1768,CLG0095,Yes
1769,CLG0031,No
1770,CLG0053,Yes
1771,CLG0042,No
1772,CLG0061,No
1773,CLG0086,No
1774,CLG0010,No
1775,CLG0002,No
1776,CLG0030,No
1777,CLG0060,Yes
1778,CLG0045,No
1779,CLG0035,No
1780,CLG0062,Yes
1781,CLG0095,No
1782,CLG0039,Yes
1783,CLG0027,No
1784,CLG0074,No
1785,CLG0005,No
1786,CLG0047,No
1787,CLG0083,No
1788,CLG0012,No
1789,CLG0047,No
1790,CLG0046,Yes
1791,CLG0058,No
1792,CLG0023,Yes
1793,CLG0004,No
1794,CLG0045,No
1795,CLG0028,No
1796,CLG0027,No
1797,CLG0012,No
1798,CLG0054,Yes
1799,CLG0097,Yes
1800,CLG0056,No
1801,CLG0062,Yes
1802,CLG0034,No
1803,CLG0066,No
1804,CLG0052,No
1805,CLG0097,Yes
1806,CLG0041,No
1807,CLG0075,No
1808,CLG0073,No
1809,CLG0081,No
1810,CLG0041,No
1811,CLG0015,No
1812,CLG0017,No
1813,CLG0035,No
1814,CLG0093,No
1815,CLG0006,No
1816,CLG0087,No
1817,CLG0077,No
1818,CLG0010,Yes
1819,CLG0057,No
1820,CLG0091,No
1821,CLG0022,No
1822,CLG0055,No
1823,CLG0057,No
1824,CLG0069,No
1825,CLG0082,No
1826,CLG0007,No
1827,CLG0028,No
1828,CLG0055,No
1829,CLG0038,No
1830,CLG0039,No
1831,CLG0039,No
1832,CLG0029,No
1833,CLG0014,No
1834,CLG0100,Yes
1835,CLG0028,No
1836,CLG0004,Yes
1837,CLG0064,No
1838,CLG0098,No
1839,CLG0049,No
1840,CLG0048,No
1841,CLG0047,No
1842,CLG0012,Yes
1843,CLG0009,No
1844,CLG0043,Yes
1845,CLG0023,No
1846,CLG0004,No
1847,CLG0005,No
1848,CLG0067,Yes
1849,CLG0010,No
1850,CLG0085,Yes
1851,CLG0039,No
1852,CLG0078,No
1853,CLG0009,No
1854,CLG0095,No
1855,CLG0007,Yes
1856,CLG0052,No
1857,CLG0025,No
1858,CLG0003,No
1859,CLG0073,No
1860,CLG0017,No
1861,CLG0067,No
1862,CLG0036,No
1863,CLG0078,Yes
1864,CLG0041,No
1865,CLG0080,No
1866,CLG0068,Yes
1867,CLG0080,Yes
1868,CLG0072,No
1869,CLG0061,No
1870,CLG0082,No
1871,CLG0097,No
1872,CLG0075,Yes
1873,CLG0019,No
1874,CLG0036,No
1875,CLG0033,No
1876,CLG0006,No
1877,CLG0073,No
1878,CLG0014,No
1879,CLG0090,No
1880,CLG0076,No
1881,CLG0029,No
1882,CLG0045,Yes
1883,CLG0041,No
1884,CLG0006,No
1885,CLG0005,Yes
1886,CLG0038,No
1887,CLG0045,No
1888,CLG0086,No
1889,CLG0042,Yes
1890,CLG0034,No
1891,CLG0032,No
1892,CLG0084,No
1893,CLG0049,No
1894,CLG0049,No
1895,CLG0005,No
1896,CLG0076,No
1897,CLG0073,No
1898,CLG0055,Yes
1899,CLG0037,No
1900,CLG0061,No
1901,CLG0035,No
1902,CLG0060,No
1903,CLG0075,No
1904,CLG0045,No
1905,CLG0027,Yes
1906,CLG0073,No
1907,CLG0036,No
1908,CLG0100,No
1909,CLG0072,No
1910,CLG0019,No
1911,CLG0069,Yes
1912,CLG0035,No
1913,CLG0009,Yes
1914,CLG0070,No
1915,CLG0064,No
1916,CLG0002,No
1917,CLG0036,No
1918,CLG0049,No
1919,CLG0081,No
1920,CLG0017,No
1921,CLG0067,No
1922,CLG0075,No
1923,CLG0058,Yes
1924,CLG0053,No
1925,CLG0063,No
1926,CLG0019,No
1927,CLG0061,No
1928,CLG0069,No
1929,CLG0084,Yes
1930,CLG0077,No
1931,CLG0017,Yes
1932,CLG0064,No
1933,CLG0018,No
1934,CLG0039,No
1935,CLG0056,No
1936,CLG0099,Yes
1937,CLG0075,No
1938,CLG0062,No
1939,CLG0001,No
1940,CLG0034,No
1941,CLG0036,No
1942,CLG0015,No
1943,CLG0029,Yes
1944,CLG0072,Yes
1945,CLG0015,No
1946,CLG0086,No
1947,CLG0069,Yes
1948,CLG0050,No
1949,CLG0047,No
1950,CLG0061,Yes
1951,CLG0088,No
1952,CLG0045,No
1953,CLG0038,No
1954,CLG0051,Yes
1955,CLG0045,Yes
1956,CLG0009,No
1957,CLG0035,No
1958,CLG0083,No
1959,CLG0033,No
1960,CLG0023,No
1961,CLG0008,No
1962,CLG0066,No
1963,CLG0022,No
1964,CLG0078,No
1965,CLG0025,No
1966,CLG0004,No
1967,CLG0007,No
1968,CLG0062,No
1969,CLG0056,No
1970,CLG0078,No
1971,CLG0020,Yes
1972,CLG0063,No
1973,CLG0021,Yes
1974,CLG0018,Yes
1975,CLG0076,No
1976,CLG0004,No
1977,CLG0010,Yes
1978,CLG0069,No
1979,CLG0061,No
1980,CLG0043,Yes
1981,CLG0045,No
1982,CLG0078,No
1983,CLG0009,Yes
1984,CLG0034,No
1985,CLG0089,No
1986,CLG0080,No
1987,CLG0073,No
1988,CLG0091,Yes
1989,CLG0037,Yes
1990,CLG0051,No
1991,CLG0064,Yes
1992,CLG0039,No
1993,CLG0072,No
1994,CLG0079,No
1995,CLG0053,No
1996,CLG0090,Yes
1997,CLG0041,Yes
1998,CLG0054,No
1999,CLG0045,No
